313,Huntigton Avenue,31
908,Jamaica Plain,32
347,bolyston street,33
818,tetlow,34
342,framigham,35
528,roxbury,36
522,symphony,37
134,prudential,38
915,hammond street,39
793,public alley,40
166,private alley,41
440,ochestra,42
566,harmony,43
122,jhonsson,44
313,kilmarock,45
129,pittusburg,46
542,peterborough,47
307,dalton,48
382,huntington,49
165,north lane,50
439,arligelly,51
445,starewse,52
426,groove st,53
304,droveeing st,54
514,hartly st,55
796,kassone st,56
970,kronse st,57
766,manuver st,58
778,maxie road,59
442,squllivan st,60
91,Huntigton Avenue,471
75,Jamaica Plain,472
12,bolyston street,473
51,tetlow,474
43,framigham,475
16,roxbury,476
27,symphony,477
30,prudential,478
20,hammond street,479
86,public alley,480
30,private alley,481
91,ochestra,482
50,harmony,483
53,jhonsson,484
13,kilmarock,485
51,pittusburg,486
64,peterborough,487
47,dalton,488
85,huntington,489
58,north lane,490
22,arligelly,491
46,starewse,492
67,groove st,493
40,droveeing st,494
41,hartly st,495
16,kassone st,496
25,kronse st,497
92,manuver st,498
75,maxie road,499
30,squllivan st,500
89,Huntigton Avenue,501
81,Jamaica Plain,502
67,bolyston street,503
72,tetlow,504
72,framigham,505
25,roxbury,506
12,symphony,507
52,prudential,508
89,hammond street,509
91,public alley,510
