,,,,
91,Blood Alliance,1,61,31
92,Community Blood,2,62,32
93,OneBlood,3,63,33
94,Floridas BC,4,64,34
95,LifeSouth BC,5,65,35
96,Northwest Florida BC,6,66,36
97,United States BC,7,67,37
98,Southeastern BC,8,68,38
99,Suncoast Blood Bank,9,69,39
100,Renovation BC,10,70,40
101,Blood Assurance,11,71,41
102,LifeSouth BC,12,72,42
103,Shepeard BC,13,73,43
104,Southeastern BB,14,74,44
105,Central Illinois BC,15,75,45
106,BC of Illinois,16,76,46
107,Heartland BC,17,77,47
108,LifeSource ,18,78,48
109, Valley Regional BC,19,79,49
110,Rock River Valley ,20,80,50
111,Community BC,21,81,51
112,Heartland BC,22,82,52
113,Indiana BC,23,83,53
114,South Bend Medical,24,84,54
115,Community BC,25,85,55
116,BC Ozarks ,26,86,56
117,Mississippi BC,27,87,57
118,unyts,28,88,58
119,Hemacare,29,89,59
120,NY Blood Center,30,90,60
