life@company.com,1462106522,281
life@company.com,1462106522,282
life@company.com,1462106522,283
life@company.com,1462106522,284
life@company.com,1462106522,285
life@company.com,1462106522,286
life@company.com,1462106522,287
life@company.com,1462106522,288
life@company.com,1462106522,289
life@company.com,1462106522,290
life@company.com,1462106522,291
life@company.com,1462106522,292
life@company.com,1462106522,293
life@company.com,1462106522,294
life@company.com,1462106522,295
life@company.com,1462106522,296
life@company.com,1462106522,297
life@company.com,1462106522,298
life@company.com,1462106522,299
life@company.com,1462106522,300
life@company.com,1462106522,301
life@company.com,1462106522,302
life@company.com,1462106522,303
life@company.com,1462106522,304
life@company.com,1462106522,305
life@company.com,1462106522,306
life@company.com,1462106522,307
life@company.com,1462106522,308
life@company.com,1462106522,309
life@company.com,1462106522,310
donor@company.com,1462106522,551
donor@company.com,1462106522,552
donor@company.com,1462106522,553
donor@company.com,1462106522,554
donor@company.com,1462106522,555
donor@company.com,1462106522,556
donor@company.com,1462106522,557
donor@company.com,1462106522,558
donor@company.com,1462106522,559
donor@company.com,1462106522,560
donor@company.com,1462106522,561
donor@company.com,1462106522,562
donor@company.com,1462106522,563
donor@company.com,1462106522,564
donor@company.com,1462106522,565
donor@company.com,1462106522,566
donor@company.com,1462106522,567
donor@company.com,1462106522,568
donor@company.com,1462106522,569
donor@company.com,1462106522,570
paitent@company.com,1956311063,621
paitent@company.com,1282957635,622
paitent@company.com,1624300033,623
paitent@company.com,1260062113,624
paitent@company.com,1973908084,625
paitent@company.com,1261495223,626
paitent@company.com,1380340653,627
paitent@company.com,1932951206,628
paitent@company.com,1501724550,629
paitent@company.com,1134319288,630
paitent@company.com,1280447934,631
paitent@company.com,1259328816,632
paitent@company.com,1117877851,633
paitent@company.com,1567435206,634
paitent@company.com,1705692639,635
paitent@company.com,1388741406,636
paitent@company.com,1141916902,637
paitent@company.com,1179106347,638
paitent@company.com,1824614689,639
paitent@company.com,1263776481,640
paitent@company.com,1664252644,641
paitent@company.com,1787951709,642
paitent@company.com,1338376704,643
paitent@company.com,1896476635,644
paitent@company.com,1245115207,645
paitent@company.com,1213887874,646
paitent@company.com,1915580508,647
paitent@company.com,1475211628,648
paitent@company.com,1472622599,649
paitent@company.com,1761139756,650
paitent@company.com,1952608719,651
paitent@company.com,1326823059,652
paitent@company.com,1293097781,653
paitent@company.com,1922274302,654
paitent@company.com,1177611408,655
paitent@company.com,1709980276,656
paitent@company.com,1144613568,657
paitent@company.com,1387474097,658
paitent@company.com,1633086623,659
paitent@company.com,1813512351,660
