441,Bay Pines,471
442,Marquette Hospital,472
443,Carle Hospital,473
444,Kaiser Hospital,474
445,Warren Hospital,475
446,St. Lukes Hospital,476
447,Maine Medical,477
448,Athens Medical ,478
449,Children's Medica,479
450,Brigham Hospital,480
451,Stanford Mdical,481
452,Fayetteville Medical ,482
453,Penn Hospital,483
454,Bay Pines,484
455,Marquette Hospital,485
456,Carle Hospital,486
457,Kaiser Hospital,487
458,Warren Hospital,488
459,St. Lukes Hospital,489
460,Maine Medical,490
461,Athens Medical ,491
462,Children's Medica,492
463,Brigham Hospital,493
464,Stanford Mdical,494
465,Fayetteville Medical ,495
466,Penn Hospital,496
467,Bay Pines,497
468,Marquette Hospital,498
469,Carle Hospital,499
470,Kaiser Hospital,500
901,Warren Hospital,501
902,St. Lukes Hospital,502
903,Maine Medical,503
904,Athens Medical,504
905,Children's Medica,505
906,Brigham Hospital,506
907,Stanford Mdical,507
908,Fayetteville Medical ,508
909,Penn Hospital,509
910,Boston Medical,510
